{
  "profils": [
    {
      "email": "helene.barrista@outlook.com",
      "password": "gingerrhumolive76",
      "rewards": "11052",
      "streak": "1"
    },
    {
      "email": "lionel.potofeu@hotmail.com",
      "password": "lioneldesusa69000ivoire",
      "rewards": "10585",
      "streak": "3"
    },
    {
      "email": "killian.grenadine@outlook.fr",
      "password": "killianMonaco7834!",
      "rewards": "10470",
      "streak": "1"
    },
    {
      "email": "leon.moccacino@outlook.fr",
      "password": "leon!976mocca{}duff",
      "rewards": "9468",
      "streak": "1"
    }
  ]
}